noise_rate,ndcg_mean,ndcg_std
0.0,0.8750330003636627,1.1102230246251565e-16
0.05,0.868733635375706,0.00029608125707184256
0.1,0.868036220635117,0.0062618512506144065
0.15,0.8687155798944822,0.002297743957351647
0.2,0.8653171526005156,0.003483749168463027
0.3,0.8571864473578166,0.0017224515891756094
0.4,0.8295955936685839,0.004549490427468648
